{
	"tickList": [
		0,
		165,
		[
			[
				52,
				[
					[
						33,
						2,
						"pid1",
						1,
						439.3203125,
						389.140625,
						null,
						0
					]
				]
			],
			[
				59,
				[
					[
						35,
						2,
						"pid1",
						1,
						439.3203125,
						389.140625,
						0,
						0,
						0,
						0,
						null,
						0
					]
				]
			],
			[
				68,
				[
					[
						33,
						2,
						"pid1",
						1,
						439.3203125,
						389.140625,
						null,
						0
					]
				]
			],
			[
				72,
				[
					[
						35,
						2,
						"pid1",
						1,
						439.3203125,
						389.140625,
						0,
						0,
						0,
						0,
						null,
						0
					]
				]
			],
			[
				81,
				[
					[
						33,
						2,
						"pid1",
						1,
						439.3203125,
						389.140625,
						null,
						0
					]
				]
			],
			[
				86,
				[
					[
						35,
						2,
						"pid1",
						1,
						439.3203125,
						389.140625,
						0,
						0,
						0,
						0,
						null,
						0
					]
				]
			],
			[
				93,
				[
					[
						33,
						2,
						"pid1",
						1,
						439.3203125,
						389.140625,
						null,
						0
					]
				]
			],
			[
				98,
				[
					[
						35,
						2,
						"pid1",
						1,
						439.3203125,
						389.140625,
						0,
						0,
						0,
						0,
						null,
						0
					]
				]
			],
			[
				102,
				[
					[
						33,
						2,
						"pid1",
						1,
						439.3203125,
						389.140625,
						null,
						0
					]
				]
			],
			[
				109,
				[
					[
						35,
						2,
						"pid1",
						1,
						439.3203125,
						389.140625,
						0,
						0,
						0,
						0,
						null,
						0
					]
				]
			],
			[
				114,
				[
					[
						33,
						2,
						"pid1",
						1,
						439.3203125,
						389.140625,
						null,
						0
					]
				]
			],
			[
				118,
				[
					[
						35,
						2,
						"pid1",
						1,
						439.3203125,
						389.140625,
						0,
						0,
						0,
						0,
						null,
						0
					]
				]
			]
		]
	],
	"startPoints": [
		{
			"frame": 0,
			"timestamp": 1770354813133,
			"data": {
				"seed": 1770354813133,
				"fps": 60,
				"startedAt": 1770354813133
			}
		}
	]
}